from_station_id,from_station_name,to_station_id,to_station_name,line,travel_time_seconds
940GZZBPSUST,Battersea Power Station Underground Station,940GZZNEUGST,Nine Elms Underground Station,NTN,120
940GZZLUACT,Acton Town,940GZZLUCWP,Chiswick Park,CIR,120
940GZZLUACT,Acton Town,940GZZLUCWP,Chiswick Park,DIS,120
940GZZLUACT,Acton Town,940GZZLUCWP,Chiswick Park,PIC,84
940GZZLUACT,Acton Town,940GZZLUECM,Ealing Common,CIR,120
940GZZLUACT,Acton Town,940GZZLUECM,Ealing Common,DIS,120
940GZZLUACT,Acton Town,940GZZLUECM,Ealing Common,PIC,120
940GZZLUACT,Acton Town,940GZZLUSEA,South Ealing,PIC,180
940GZZLUACT,Acton Town,940GZZLUTNG,Turnham Green,PIC,180
940GZZLUACY,Archway Station,940GZZLUHGT,Highgate,NTN,120
940GZZLUACY,Archway Station,940GZZLUTFP,Tufnell Park Station,NTN,60
940GZZLUADE,Aldgate East,940GZZLULVT,Liverpool Street Station,CIR,180
940GZZLUADE,Aldgate East,940GZZLULVT,Liverpool Street Station,HAM,120
940GZZLUADE,Aldgate East,940GZZLUTWH,Tower Hill,CIR,120
940GZZLUADE,Aldgate East,940GZZLUTWH,Tower Hill,DIS,120
940GZZLUADE,Aldgate East,940GZZLUWPL,Whitechapel Station,CIR,60
940GZZLUADE,Aldgate East,940GZZLUWPL,Whitechapel Station,DIS,120
940GZZLUADE,Aldgate East,940GZZLUWPL,Whitechapel Station,HAM,60
940GZZLUAGL,Angel Station,940GZZLUKSX,King's Cross St. Pancras Underground Station,NTN,120
940GZZLUAGL,Angel Station,940GZZLUODS,Old Street Station,NTN,120
940GZZLUALD,Aldgate,940GZZLULVT,Liverpool Street Station,CIR,120
940GZZLUALD,Aldgate,940GZZLULVT,Liverpool Street Station,MET,120
940GZZLUALD,Aldgate,940GZZLUTWH,Tower Hill,CIR,120
940GZZLUALP,Alperton Station,940GZZLUPKR,Park Royal,PIC,120
940GZZLUALP,Alperton Station,940GZZLUSUT,Sudbury Town Station,PIC,120
940GZZLUAMS,Amersham Station,940GZZLUCAL,Chalfont & Latimer Station,MET,180
940GZZLUASG,Arnos Grove Station,940GZZLUBDS,Bounds Green,PIC,120
940GZZLUASG,Arnos Grove Station,940GZZLUSGT,Southgate,PIC,120
940GZZLUASL,Arsenal,940GZZLUFPK,Finsbury Park Station,PIC,60
940GZZLUASL,Arsenal,940GZZLUHWY,Holloway Road Station,PIC,60
940GZZLUBBB,Bromley-By-Bow,940GZZLUBWR,Bow Road Station,CIR,120
940GZZLUBBB,Bromley-By-Bow,940GZZLUBWR,Bow Road Station,DIS,120
940GZZLUBBB,Bromley-By-Bow,940GZZLUBWR,Bow Road Station,HAM,120
940GZZLUBBB,Bromley-By-Bow,940GZZLUWHM,West Ham Station,CIR,120
940GZZLUBBB,Bromley-By-Bow,940GZZLUWHM,West Ham Station,DIS,120
940GZZLUBBB,Bromley-By-Bow,940GZZLUWHM,West Ham Station,HAM,120
940GZZLUBBN,Barbican,940GZZLUFCN,Farringdon Station,CIR,60
940GZZLUBBN,Barbican,940GZZLUFCN,Farringdon Station,HAM,60
940GZZLUBBN,Barbican,940GZZLUFCN,Farringdon Station,MET,60
940GZZLUBBN,Barbican,940GZZLUMGT,Moorgate Station,CIR,60
940GZZLUBBN,Barbican,940GZZLUMGT,Moorgate Station,HAM,60
940GZZLUBBN,Barbican,940GZZLUMGT,Moorgate Station,MET,60
940GZZLUBDS,Bounds Green,940GZZLUASG,Arnos Grove Station,PIC,180
940GZZLUBDS,Bounds Green,940GZZLUWOG,Wood Green Station,PIC,120
940GZZLUBEC,Becontree,940GZZLUDGY,Dagenham Heathway,DIS,120
940GZZLUBEC,Becontree,940GZZLUDGY,Dagenham Heathway,HAM,120
940GZZLUBEC,Becontree,940GZZLUUPY,Upney Station,DIS,120
940GZZLUBEC,Becontree,940GZZLUUPY,Upney Station,HAM,120
940GZZLUBKE,Barkingside Station,940GZZLUFLP,Fairlop,CEN,60
940GZZLUBKE,Barkingside Station,940GZZLUNBP,Newbury Park Station,CEN,60
940GZZLUBKF,Blackfriars Station,940GZZLUMSH,Mansion House,CIR,60
940GZZLUBKF,Blackfriars Station,940GZZLUMSH,Mansion House,DIS,60
940GZZLUBKF,Blackfriars Station,940GZZLUTMP,Temple,CIR,60
940GZZLUBKF,Blackfriars Station,940GZZLUTMP,Temple,DIS,60
940GZZLUBKG,Barking Station,940GZZLUEHM,East Ham Station,CIR,180
940GZZLUBKG,Barking Station,940GZZLUEHM,East Ham Station,DIS,180
940GZZLUBKG,Barking Station,940GZZLUEHM,East Ham Station,HAM,180
940GZZLUBKG,Barking Station,940GZZLUUPY,Upney Station,DIS,120
940GZZLUBKG,Barking Station,940GZZLUUPY,Upney Station,HAM,120
940GZZLUBKH,Buckhurst Hill,940GZZLULGN,Loughton,CEN,120
940GZZLUBKH,Buckhurst Hill,940GZZLUWOF,Woodford,CEN,120
940GZZLUBLG,Bethnal Green,940GZZLULVT,Liverpool Street Station,CEN,120
940GZZLUBLG,Bethnal Green,940GZZLUMED,Mile End,CEN,60
940GZZLUBLM,Balham Station,940GZZLUCPS,Clapham South,NTN,120
940GZZLUBLM,Balham Station,940GZZLUTBC,Tooting Bec Station,NTN,60
940GZZLUBLR,Blackhorse Road Station,940GZZLUTMH,Tottenham Hale,VIC,60
940GZZLUBLR,Blackhorse Road Station,940GZZLUWWL,Walthamstow Central Station,VIC,60
940GZZLUBMY,Bermondsey Station,940GZZLUCWR,Canada Water Station,JUB,60
940GZZLUBMY,Bermondsey Station,940GZZLULNB,London Bridge Station,JUB,120
940GZZLUBND,Bond Street Station,940GZZLUBST,Baker Street Station,JUB,120
940GZZLUBND,Bond Street Station,940GZZLUGPK,Green Park Station,JUB,60
940GZZLUBND,Bond Street Station,940GZZLUMBA,Marble Arch,CEN,60
940GZZLUBND,Bond Street Station,940GZZLUOXC,Oxford Circus Station,CEN,60
940GZZLUBNK,Bank,940GZZLULNB,London Bridge Station,NTN,60
940GZZLUBNK,Bank,940GZZLULVT,Liverpool Street Station,CEN,60
940GZZLUBNK,Bank,940GZZLUMGT,Moorgate Station,NTN,120
940GZZLUBNK,Bank,940GZZLUSPU,St. Paul's Station,CEN,60
940GZZLUBNK,Bank,940GZZLUWLO,Waterloo Station,WAC,180
940GZZLUBOR,Borough Station,940GZZLUEAC,Elephant & Castle Station,NTN,120
940GZZLUBOR,Borough Station,940GZZLULNB,London Bridge Station,NTN,60
940GZZLUBOS,Boston Manor Station,940GZZLUNFD,Northfields Station,PIC,120
940GZZLUBOS,Boston Manor Station,940GZZLUOSY,Osterley,PIC,180
940GZZLUBSC,Barons Court,940GZZLUECT,Earl's Court Station,PIC,180
940GZZLUBSC,Barons Court,940GZZLUHSD,Hammersmith (District and Piccadilly) Station,CIR,60
940GZZLUBSC,Barons Court,940GZZLUHSD,Hammersmith (District and Piccadilly) Station,DIS,60
940GZZLUBSC,Barons Court,940GZZLUHSD,Hammersmith (District and Piccadilly) Station,PIC,120
940GZZLUBSC,Barons Court,940GZZLUWKN,West Kensington,CIR,120
940GZZLUBSC,Barons Court,940GZZLUWKN,West Kensington,DIS,60
940GZZLUBST,Baker Street Station,940GZZLUBND,Bond Street Station,JUB,120
940GZZLUBST,Baker Street Station,940GZZLUERC,Edgware Road (Circle line) Station,CIR,120
940GZZLUBST,Baker Street Station,940GZZLUERC,Edgware Road (Circle line) Station,HAM,120
940GZZLUBST,Baker Street Station,940GZZLUFYR,Finchley Road Station,MET,360
940GZZLUBST,Baker Street Station,940GZZLUGPS,Great Portland Street,CIR,60
940GZZLUBST,Baker Street Station,940GZZLUGPS,Great Portland Street,HAM,60
940GZZLUBST,Baker Street Station,940GZZLUGPS,Great Portland Street,MET,120
940GZZLUBST,Baker Street Station,940GZZLUMYB,Marylebone,BAK,60
940GZZLUBST,Baker Street Station,940GZZLURGP,Regent's Park Station,BAK,60
940GZZLUBST,Baker Street Station,940GZZLUSJW,St John's Wood Station,JUB,120
940GZZLUBTK,Burnt Oak Station,940GZZLUCND,Colindale Station,NTN,120
940GZZLUBTK,Burnt Oak Station,940GZZLUEGW,Edgware Station,NTN,120
940GZZLUBTX,Brent Cross Station,940GZZLUGGN,Golders Green Station,NTN,120
940GZZLUBTX,Brent Cross Station,940GZZLUHCL,Hendon Central Station,NTN,120
940GZZLUBWR,Bow Road Station,940GZZLUBBB,Bromley-By-Bow,CIR,120
940GZZLUBWR,Bow Road Station,940GZZLUBBB,Bromley-By-Bow,DIS,120
940GZZLUBWR,Bow Road Station,940GZZLUBBB,Bromley-By-Bow,HAM,120
940GZZLUBWR,Bow Road Station,940GZZLUMED,Mile End,CIR,60
940GZZLUBWR,Bow Road Station,940GZZLUMED,Mile End,DIS,60
940GZZLUBWR,Bow Road Station,940GZZLUMED,Mile End,HAM,60
940GZZLUBWT,Bayswater,940GZZLUNHG,Notting Hill Gate Station,CIR,60
940GZZLUBWT,Bayswater,940GZZLUNHG,Notting Hill Gate Station,DIS,60
940GZZLUBWT,Bayswater,940GZZLUPAC,Paddington Underground Station,CIR,120
940GZZLUBWT,Bayswater,940GZZLUPAC,Paddington Underground Station,DIS,120
940GZZLUBXN,Brixton Station,940GZZLUSKW,Stockwell Station,VIC,120
940GZZLUBZP,Belsize Park Station,940GZZLUCFM,Chalk Farm Station,NTN,60
940GZZLUBZP,Belsize Park Station,940GZZLUHTD,Hampstead Station,NTN,120
940GZZLUCAL,Chalfont & Latimer Station,940GZZLUAMS,Amersham Station,MET,180
940GZZLUCAL,Chalfont & Latimer Station,940GZZLUCSM,Chesham,MET,480
940GZZLUCAL,Chalfont & Latimer Station,940GZZLUCYD,Chorleywood Station,MET,180
940GZZLUCAR,Caledonian Road Station,940GZZLUHWY,Holloway Road Station,PIC,60
940GZZLUCAR,Caledonian Road Station,940GZZLUKSX,King's Cross St. Pancras Underground Station,PIC,180
940GZZLUCFM,Chalk Farm Station,940GZZLUBZP,Belsize Park Station,NTN,60
940GZZLUCFM,Chalk Farm Station,940GZZLUCTN,Camden Town Station,NTN,60
940GZZLUCGN,Covent Garden Station,940GZZLUHBN,Holborn Station,PIC,60
940GZZLUCGN,Covent Garden Station,940GZZLULSQ,Leicester Square,PIC,60
940GZZLUCGT,Canning Town,940GZZLUNGW,North Greenwich Platform 1 | Eastbound,JUB,120
940GZZLUCGT,Canning Town,940GZZLUWHM,West Ham Station,JUB,120
940GZZLUCHL,Chancery Lane,940GZZLUHBN,Holborn Station,CEN,60
940GZZLUCHL,Chancery Lane,940GZZLUSPU,St. Paul's Station,CEN,60
940GZZLUCHX,Charing Cross,940GZZLUEMB,Embankment,BAK,60
940GZZLUCHX,Charing Cross,940GZZLUEMB,Embankment,NTN,60
940GZZLUCHX,Charing Cross,940GZZLULSQ,Leicester Square,NTN,60
940GZZLUCHX,Charing Cross,940GZZLUPCC,Piccadilly Circus,BAK,60
940GZZLUCKS,Cockfosters Station,940GZZLUOAK,Oakwood Station,PIC,120
940GZZLUCND,Colindale Station,940GZZLUBTK,Burnt Oak Station,NTN,60
940GZZLUCND,Colindale Station,940GZZLUHCL,Hendon Central Station,NTN,120
940GZZLUCPC,Clapham Common,940GZZLUCPN,Clapham North,NTN,60
940GZZLUCPC,Clapham Common,940GZZLUCPS,Clapham South,NTN,120
940GZZLUCPK,Canons Park,940GZZLUQBY,Queensbury,JUB,120
940GZZLUCPK,Canons Park,940GZZLUSTM,Stanmore Station,JUB,120
940GZZLUCPN,Clapham North,940GZZLUCPC,Clapham Common,NTN,60
940GZZLUCPN,Clapham North,940GZZLUSKW,Stockwell Station,NTN,60
940GZZLUCPS,Clapham South,940GZZLUBLM,Balham Station,NTN,120
940GZZLUCPS,Clapham South,940GZZLUCPC,Clapham Common,NTN,60
940GZZLUCSD,Colliers Wood Station,940GZZLUSWN,South Wimbledon Station,NTN,60
940GZZLUCSD,Colliers Wood Station,940GZZLUTBY,Tooting Broadway Station,NTN,60
940GZZLUCSM,Chesham,940GZZLUCAL,Chalfont & Latimer Station,MET,480
940GZZLUCST,Cannon Street Station,940GZZLUMMT,Monument,CIR,60
940GZZLUCST,Cannon Street Station,940GZZLUMMT,Monument,DIS,60
940GZZLUCST,Cannon Street Station,940GZZLUMSH,Mansion House,CIR,60
940GZZLUCST,Cannon Street Station,940GZZLUMSH,Mansion House,DIS,60
940GZZLUCTN,Camden Town Station,940GZZLUCFM,Chalk Farm Station,NTN,60
940GZZLUCTN,Camden Town Station,940GZZLUEUS,Euston Station,NTN,180
940GZZLUCTN,Camden Town Station,940GZZLUKSH,Kentish Town,NTN,60
940GZZLUCTN,Camden Town Station,940GZZLUMTC,Mornington Crescent,NTN,60
940GZZLUCWL,Chigwell,940GZZLUGGH,Grange Hill,CEN,60
940GZZLUCWL,Chigwell,940GZZLURVY,Roding Valley,CEN,180
940GZZLUCWP,Chiswick Park,940GZZLUACT,Acton Town,CIR,180
940GZZLUCWP,Chiswick Park,940GZZLUACT,Acton Town,DIS,120
940GZZLUCWP,Chiswick Park,940GZZLUTNG,Turnham Green,CIR,120
940GZZLUCWP,Chiswick Park,940GZZLUTNG,Turnham Green,DIS,120
940GZZLUCWP,Chiswick Park,940GZZLUTNG,Turnham Green,PIC,84
940GZZLUCWR,Canada Water Station,940GZZLUBMY,Bermondsey Station,JUB,60
940GZZLUCWR,Canada Water Station,940GZZLUCYF,Canary Wharf Underground Station,JUB,120
940GZZLUCXY,Croxley,940GZZLUMPK,Moor Park,MET,240
940GZZLUCXY,Croxley,940GZZLURKW,Rickmansworth,MET,300
940GZZLUCXY,Croxley,940GZZLUWAF,Watford Underground Station,MET,180
940GZZLUCYD,Chorleywood Station,940GZZLUCAL,Chalfont & Latimer Station,MET,240
940GZZLUCYD,Chorleywood Station,940GZZLURKW,Rickmansworth,MET,180
940GZZLUCYF,Canary Wharf Underground Station,940GZZLUCWR,Canada Water Station,JUB,120
940GZZLUCYF,Canary Wharf Underground Station,940GZZLUNGW,North Greenwich Platform 1 | Eastbound,JUB,120
940GZZLUDBN,Debden,940GZZLULGN,Loughton,CEN,120
940GZZLUDBN,Debden,940GZZLUTHB,Theydon Bois,CEN,120
940GZZLUDGE,Dagenham East,940GZZLUDGY,Dagenham Heathway,DIS,120
940GZZLUDGE,Dagenham East,940GZZLUDGY,Dagenham Heathway,HAM,120
940GZZLUDGE,Dagenham East,940GZZLUEPK,Elm Park Station,DIS,120
940GZZLUDGE,Dagenham East,940GZZLUEPK,Elm Park Station,HAM,120
940GZZLUDGY,Dagenham Heathway,940GZZLUBEC,Becontree,DIS,120
940GZZLUDGY,Dagenham Heathway,940GZZLUBEC,Becontree,HAM,120
940GZZLUDGY,Dagenham Heathway,940GZZLUDGE,Dagenham East,DIS,120
940GZZLUDGY,Dagenham Heathway,940GZZLUDGE,Dagenham East,HAM,120
940GZZLUDOH,Dollis Hill Station,940GZZLUNDN,Neasden Station,JUB,60
940GZZLUDOH,Dollis Hill Station,940GZZLUWIG,Willesden Green Station,JUB,120
940GZZLUEAC,Elephant & Castle Station,940GZZLUBOR,Borough Station,NTN,60
940GZZLUEAC,Elephant & Castle Station,940GZZLUKNG,Kennington Station,NTN,60
940GZZLUEAC,Elephant & Castle Station,940GZZLULBN,Lambeth North,BAK,60
940GZZLUEAE,Eastcote,940GZZLURSM,Ruislip Manor Station,MET,120
940GZZLUEAE,Eastcote,940GZZLURSM,Ruislip Manor Station,PIC,120
940GZZLUEAE,Eastcote,940GZZLURYL,Rayners Lane Station,MET,180
940GZZLUEAE,Eastcote,940GZZLURYL,Rayners Lane Station,PIC,180
940GZZLUEAN,East Acton Station,940GZZLUNAN,North Acton Station,CEN,60
940GZZLUEAN,East Acton Station,940GZZLUWCY,White City,CEN,120
940GZZLUEBY,Ealing Broadway Station,940GZZLUECM,Ealing Common,DIS,180
940GZZLUEBY,Ealing Broadway Station,940GZZLUWTA,West Acton,CEN,60
940GZZLUECM,Ealing Common,940GZZLUACT,Acton Town,DIS,120
940GZZLUECM,Ealing Common,940GZZLUACT,Acton Town,PIC,120
940GZZLUECM,Ealing Common,940GZZLUEBY,Ealing Broadway Station,CIR,180
940GZZLUECM,Ealing Common,940GZZLUEBY,Ealing Broadway Station,DIS,180
940GZZLUECM,Ealing Common,940GZZLUNEN,North Ealing,PIC,120
940GZZLUECT,Earl's Court Station,940GZZLUBSC,Barons Court,PIC,180
940GZZLUECT,Earl's Court Station,940GZZLUGTR,Gloucester Road,DIS,120
940GZZLUECT,Earl's Court Station,940GZZLUGTR,Gloucester Road,PIC,120
940GZZLUECT,Earl's Court Station,940GZZLUHSK,High Street Kensington Station,CIR,120
940GZZLUECT,Earl's Court Station,940GZZLUHSK,High Street Kensington Station,DIS,120
940GZZLUECT,Earl's Court Station,940GZZLUKOY,Kensington (Olympia) Station,DIS,180
940GZZLUECT,Earl's Court Station,940GZZLUWBN,West Brompton Station,DIS,60
940GZZLUECT,Earl's Court Station,940GZZLUWKN,West Kensington,CIR,120
940GZZLUECT,Earl's Court Station,940GZZLUWKN,West Kensington,DIS,120
940GZZLUEFY,East Finchley,940GZZLUFYC,Finchley Central Station,NTN,120
940GZZLUEFY,East Finchley,940GZZLUHGT,Highgate,NTN,120
940GZZLUEGW,Edgware Station,940GZZLUBTK,Burnt Oak Station,NTN,120
940GZZLUEHM,East Ham Station,940GZZLUBKG,Barking Station,CIR,240
940GZZLUEHM,East Ham Station,940GZZLUBKG,Barking Station,DIS,180
940GZZLUEHM,East Ham Station,940GZZLUBKG,Barking Station,HAM,180
940GZZLUEHM,East Ham Station,940GZZLUUPK,Upton Park,CIR,60
940GZZLUEHM,East Ham Station,940GZZLUUPK,Upton Park,DIS,60
940GZZLUEHM,East Ham Station,940GZZLUUPK,Upton Park,HAM,60
940GZZLUEMB,Embankment,940GZZLUCHX,Charing Cross,BAK,60
940GZZLUEMB,Embankment,940GZZLUCHX,Charing Cross,NTN,60
940GZZLUEMB,Embankment,940GZZLUTMP,Temple,CIR,60
940GZZLUEMB,Embankment,940GZZLUTMP,Temple,DIS,60
940GZZLUEMB,Embankment,940GZZLUWLO,Waterloo Station,BAK,60
940GZZLUEMB,Embankment,940GZZLUWLO,Waterloo Station,NTN,60
940GZZLUEMB,Embankment,940GZZLUWSM,Westminster Station,CIR,60
940GZZLUEMB,Embankment,940GZZLUWSM,Westminster Station,DIS,60
940GZZLUEPG,Epping,940GZZLUTHB,Theydon Bois,CEN,120
940GZZLUEPK,Elm Park Station,940GZZLUDGE,Dagenham East,DIS,120
940GZZLUEPK,Elm Park Station,940GZZLUDGE,Dagenham East,HAM,120
940GZZLUEPK,Elm Park Station,940GZZLUHCH,Hornchurch,DIS,120
940GZZLUEPK,Elm Park Station,940GZZLUHCH,Hornchurch,HAM,120
940GZZLUEPY,East Putney,940GZZLUPYB,Putney Bridge Station,DIS,120
940GZZLUEPY,East Putney,940GZZLUSFS,Southfields Station,DIS,120
940GZZLUERB,Edgware Road (Bakerloo line) Station,940GZZLUMYB,Marylebone,BAK,60
940GZZLUERB,Edgware Road (Bakerloo line) Station,940GZZLUPAC,Paddington Underground Station,BAK,60
940GZZLUERC,Edgware Road (Circle line) Station,940GZZLUBST,Baker Street Station,CIR,120
940GZZLUERC,Edgware Road (Circle line) Station,940GZZLUBST,Baker Street Station,HAM,120
940GZZLUERC,Edgware Road (Circle line) Station,940GZZLUPAC,Paddington Underground Station,CIR,120
940GZZLUERC,Edgware Road (Circle line) Station,940GZZLUPAC,Paddington Underground Station,DIS,120
940GZZLUERC,Edgware Road (Circle line) Station,940GZZLUPAH,Paddington (H&C Line),CIR,120
940GZZLUERC,Edgware Road (Circle line) Station,940GZZLUPAH,Paddington (H&C Line),HAM,120
940GZZLUESQ,Euston Square,940GZZLUGPS,Great Portland Street,CIR,60
940GZZLUESQ,Euston Square,940GZZLUGPS,Great Portland Street,HAM,60
940GZZLUESQ,Euston Square,940GZZLUGPS,Great Portland Street,MET,60
940GZZLUESQ,Euston Square,940GZZLUKSX,King's Cross St. Pancras Underground Station,CIR,60
940GZZLUESQ,Euston Square,940GZZLUKSX,King's Cross St. Pancras Underground Station,HAM,120
940GZZLUESQ,Euston Square,940GZZLUKSX,King's Cross St. Pancras Underground Station,MET,120
940GZZLUEUS,Euston Station,940GZZLUCTN,Camden Town Station,NTN,120
940GZZLUEUS,Euston Station,940GZZLUKSX,King's Cross St. Pancras Underground Station,NTN,60
940GZZLUEUS,Euston Station,940GZZLUKSX,King's Cross St. Pancras Underground Station,VIC,60
940GZZLUEUS,Euston Station,940GZZLUMTC,Mornington Crescent,NTN,60
940GZZLUEUS,Euston Station,940GZZLUWRR,Warren Street Station,NTN,60
940GZZLUEUS,Euston Station,940GZZLUWRR,Warren Street Station,VIC,60
940GZZLUFBY,Fulham Broadway Station,940GZZLUPSG,Parsons Green,DIS,120
940GZZLUFBY,Fulham Broadway Station,940GZZLUWBN,West Brompton Station,DIS,120
940GZZLUFCN,Farringdon Station,940GZZLUBBN,Barbican,CIR,60
940GZZLUFCN,Farringdon Station,940GZZLUBBN,Barbican,HAM,60
940GZZLUFCN,Farringdon Station,940GZZLUBBN,Barbican,MET,60
940GZZLUFCN,Farringdon Station,940GZZLUKSX,King's Cross St. Pancras Underground Station,CIR,180
940GZZLUFCN,Farringdon Station,940GZZLUKSX,King's Cross St. Pancras Underground Station,HAM,180
940GZZLUFCN,Farringdon Station,940GZZLUKSX,King's Cross St. Pancras Underground Station,MET,180
940GZZLUFLP,Fairlop,940GZZLUBKE,Barkingside Station,CEN,60
940GZZLUFLP,Fairlop,940GZZLUHLT,Hainault,CEN,60
940GZZLUFPK,Finsbury Park Station,940GZZLUASL,Arsenal,PIC,60
940GZZLUFPK,Finsbury Park Station,940GZZLUHAI,Highbury & Islington Station,VIC,120
940GZZLUFPK,Finsbury Park Station,940GZZLUMRH,Manor House,PIC,120
940GZZLUFPK,Finsbury Park Station,940GZZLUSVS,Seven Sisters Station,VIC,180
940GZZLUFYC,Finchley Central Station,940GZZLUEFY,East Finchley,NTN,120
940GZZLUFYC,Finchley Central Station,940GZZLUMHL,Mill Hill East Station,NTN,120
940GZZLUFYC,Finchley Central Station,940GZZLUWFN,West Finchley Station,NTN,60
940GZZLUFYR,Finchley Road Station,940GZZLUBST,Baker Street Station,MET,300
940GZZLUFYR,Finchley Road Station,940GZZLUSWC,Swiss Cottage Station,JUB,60
940GZZLUFYR,Finchley Road Station,940GZZLUWHP,West Hampstead Underground Station,JUB,60
940GZZLUFYR,Finchley Road Station,940GZZLUWYP,Wembley Park Station,MET,420
940GZZLUGBY,Gunnersbury Station,940GZZLUKWG,Kew Gardens Station,DIS,120
940GZZLUGBY,Gunnersbury Station,940GZZLUTNG,Turnham Green,DIS,180
940GZZLUGDG,Goodge Street Station,940GZZLUTCR,Tottenham Court Road Station,NTN,60
940GZZLUGDG,Goodge Street Station,940GZZLUWRR,Warren Street Station,NTN,60
940GZZLUGFD,Greenford,940GZZLUNHT,Northolt Station,CEN,60
940GZZLUGFD,Greenford,940GZZLUPVL,Perivale,CEN,60
940GZZLUGGH,Grange Hill,940GZZLUCWL,Chigwell,CEN,60
940GZZLUGGH,Grange Hill,940GZZLUHLT,Hainault,CEN,60
940GZZLUGGN,Golders Green Station,940GZZLUBTX,Brent Cross Station,NTN,120
940GZZLUGGN,Golders Green Station,940GZZLUHTD,Hampstead Station,NTN,180
940GZZLUGHK,Goldhawk Road,940GZZLUHSC,Hammersmith (H&C and Circle Lines),CIR,60
940GZZLUGHK,Goldhawk Road,940GZZLUHSC,Hammersmith (H&C and Circle Lines),HAM,60
940GZZLUGHK,Goldhawk Road,940GZZLUSBM,Shepherd's Bush Market,CIR,60
940GZZLUGHK,Goldhawk Road,940GZZLUSBM,Shepherd's Bush Market,HAM,60
940GZZLUGPK,Green Park Station,940GZZLUBND,Bond Street Station,JUB,120
940GZZLUGPK,Green Park Station,940GZZLUHPC,Hyde Park Corner,PIC,120
940GZZLUGPK,Green Park Station,940GZZLUOXC,Oxford Circus Station,VIC,120
940GZZLUGPK,Green Park Station,940GZZLUPCC,Piccadilly Circus,PIC,60
940GZZLUGPK,Green Park Station,940GZZLUVIC,Victoria Station,VIC,60
940GZZLUGPK,Green Park Station,940GZZLUWSM,Westminster Station,JUB,120
940GZZLUGPS,Great Portland Street,940GZZLUBST,Baker Street Station,CIR,60
940GZZLUGPS,Great Portland Street,940GZZLUBST,Baker Street Station,HAM,60
940GZZLUGPS,Great Portland Street,940GZZLUBST,Baker Street Station,MET,120
940GZZLUGPS,Great Portland Street,940GZZLUESQ,Euston Square,CIR,60
940GZZLUGPS,Great Portland Street,940GZZLUESQ,Euston Square,HAM,60
940GZZLUGPS,Great Portland Street,940GZZLUESQ,Euston Square,MET,60
940GZZLUGTH,Gants Hill Station,940GZZLUNBP,Newbury Park Station,CEN,120
940GZZLUGTH,Gants Hill Station,940GZZLURBG,Redbridge Station,CEN,60
940GZZLUGTR,Gloucester Road,940GZZLUECT,Earl's Court Station,DIS,60
940GZZLUGTR,Gloucester Road,940GZZLUECT,Earl's Court Station,PIC,60
940GZZLUGTR,Gloucester Road,940GZZLUHSK,High Street Kensington Station,CIR,60
940GZZLUGTR,Gloucester Road,940GZZLUSKS,South Kensington Station,CIR,60
940GZZLUGTR,Gloucester Road,940GZZLUSKS,South Kensington Station,DIS,60
940GZZLUGTR,Gloucester Road,940GZZLUSKS,South Kensington Station,PIC,60
940GZZLUHAI,Highbury & Islington Station,940GZZLUFPK,Finsbury Park Station,VIC,120
940GZZLUHAI,Highbury & Islington Station,940GZZLUKSX,King's Cross St. Pancras Underground Station,VIC,120
940GZZLUHAW,Harrow & Wealdstone Station,940GZZLUKEN,Kenton Station,BAK,120
940GZZLUHBN,Holborn Station,940GZZLUCGN,Covent Garden Station,PIC,60
940GZZLUHBN,Holborn Station,940GZZLUCHL,Chancery Lane,CEN,60
940GZZLUHBN,Holborn Station,940GZZLURSQ,Russell Square Station,PIC,60
940GZZLUHBN,Holborn Station,940GZZLUTCR,Tottenham Court Road Station,CEN,60
940GZZLUHBT,High Barnet Station,940GZZLUTAW,Totteridge & Whetstone Station,NTN,180
940GZZLUHCH,Hornchurch,940GZZLUEPK,Elm Park Station,DIS,120
940GZZLUHCH,Hornchurch,940GZZLUEPK,Elm Park Station,HAM,120
940GZZLUHCH,Hornchurch,940GZZLUUPB,Upminster Bridge,DIS,120
940GZZLUHCH,Hornchurch,940GZZLUUPB,Upminster Bridge,HAM,120
940GZZLUHCL,Hendon Central Station,940GZZLUBTX,Brent Cross Station,NTN,120
940GZZLUHCL,Hendon Central Station,940GZZLUCND,Colindale Station,NTN,120
940GZZLUHGD,Hillingdon Station,940GZZLUICK,Ickenham Station,MET,120
940GZZLUHGD,Hillingdon Station,940GZZLUICK,Ickenham Station,PIC,120
940GZZLUHGD,Hillingdon Station,940GZZLUUXB,Uxbridge Station,MET,240
940GZZLUHGD,Hillingdon Station,940GZZLUUXB,Uxbridge Station,PIC,240
940GZZLUHGR,Hanger Lane Station,940GZZLUNAN,North Acton Station,CEN,180
940GZZLUHGR,Hanger Lane Station,940GZZLUPVL,Perivale,CEN,120
940GZZLUHGT,Highgate,940GZZLUACY,Archway Station,NTN,120
940GZZLUHGT,Highgate,940GZZLUEFY,East Finchley,NTN,120
940GZZLUHLT,Hainault,940GZZLUFLP,Fairlop,CEN,60
940GZZLUHLT,Hainault,940GZZLUGGH,Grange Hill,CEN,60
940GZZLUHNX,Hatton Cross Station,940GZZLUHR4,Heathrow Terminal 4,PIC,90
940GZZLUHNX,Hatton Cross Station,940GZZLUHRC,Heathrow Terminals 2 & 3 Underground Station,PIC,240
940GZZLUHNX,Hatton Cross Station,940GZZLUHWT,Hounslow West Station,PIC,180
940GZZLUHOH,Harrow-on-the-Hill Station,940GZZLUNHA,North Harrow,MET,84
940GZZLUHOH,Harrow-on-the-Hill Station,940GZZLUNKP,Northwick Park Station,MET,120
940GZZLUHOH,Harrow-on-the-Hill Station,940GZZLUWHW,West Harrow Station,MET,120
940GZZLUHOH,Harrow-on-the-Hill Station,940GZZLUWYP,Wembley Park Station,MET,330
940GZZLUHPC,Hyde Park Corner,940GZZLUGPK,Green Park Station,PIC,120
940GZZLUHPC,Hyde Park Corner,940GZZLUKNB,Knightsbridge Station,PIC,60
940GZZLUHPK,Holland Park,940GZZLUNHG,Notting Hill Gate Station,CEN,60
940GZZLUHPK,Holland Park,940GZZLUSBC,Shepherd's Bush (Central Line),CEN,60
940GZZLUHR4,Heathrow Terminal 4,940GZZLUHRC,Heathrow Terminals 2 & 3 Underground Station,PIC,90
940GZZLUHR5,Heathrow Terminal 5,940GZZLUHRC,Heathrow Terminals 2 & 3 Underground Station,PIC,180
940GZZLUHRC,Heathrow Terminals 2 & 3 Underground Station,940GZZLUHNX,Hatton Cross Station,PIC,180
940GZZLUHRC,Heathrow Terminals 2 & 3 Underground Station,940GZZLUHR5,Heathrow Terminal 5,PIC,240
940GZZLUHSC,Hammersmith (H&C and Circle Lines),940GZZLUGHK,Goldhawk Road,CIR,60
940GZZLUHSC,Hammersmith (H&C and Circle Lines),940GZZLUGHK,Goldhawk Road,HAM,60
940GZZLUHSD,Hammersmith (District and Piccadilly) Station,940GZZLUBSC,Barons Court,CIR,60
940GZZLUHSD,Hammersmith (District and Piccadilly) Station,940GZZLUBSC,Barons Court,DIS,60
940GZZLUHSD,Hammersmith (District and Piccadilly) Station,940GZZLUBSC,Barons Court,PIC,60
940GZZLUHSD,Hammersmith (District and Piccadilly) Station,940GZZLURVP,Ravenscourt Park Station,CIR,120
940GZZLUHSD,Hammersmith (District and Piccadilly) Station,940GZZLURVP,Ravenscourt Park Station,DIS,120
940GZZLUHSD,Hammersmith (District and Piccadilly) Station,940GZZLUTNG,Turnham Green,PIC,180
940GZZLUHSK,High Street Kensington Station,940GZZLUECT,Earl's Court Station,CIR,180
940GZZLUHSK,High Street Kensington Station,940GZZLUECT,Earl's Court Station,DIS,120
940GZZLUHSK,High Street Kensington Station,940GZZLUGTR,Gloucester Road,CIR,120
940GZZLUHSK,High Street Kensington Station,940GZZLUNHG,Notting Hill Gate Station,CIR,60
940GZZLUHSK,High Street Kensington Station,940GZZLUNHG,Notting Hill Gate Station,DIS,60
940GZZLUHSN,Harlesden Station,940GZZLUSGP,Stonebridge Park Station,BAK,120
940GZZLUHSN,Harlesden Station,940GZZLUWJN,Willesden Junction Station,BAK,120
940GZZLUHTD,Hampstead Station,940GZZLUBZP,Belsize Park Station,NTN,120
940GZZLUHTD,Hampstead Station,940GZZLUGGN,Golders Green Station,NTN,180
940GZZLUHWC,Hounslow Central Station,940GZZLUHWE,Hounslow East,PIC,60
940GZZLUHWC,Hounslow Central Station,940GZZLUHWT,Hounslow West Station,PIC,120
940GZZLUHWE,Hounslow East,940GZZLUHWC,Hounslow Central Station,PIC,60
940GZZLUHWE,Hounslow East,940GZZLUOSY,Osterley,PIC,120
940GZZLUHWT,Hounslow West Station,940GZZLUHNX,Hatton Cross Station,PIC,240
940GZZLUHWT,Hounslow West Station,940GZZLUHWC,Hounslow Central Station,PIC,120
940GZZLUHWY,Holloway Road Station,940GZZLUASL,Arsenal,PIC,60
940GZZLUHWY,Holloway Road Station,940GZZLUCAR,Caledonian Road Station,PIC,60
940GZZLUICK,Ickenham Station,940GZZLUHGD,Hillingdon Station,MET,60
940GZZLUICK,Ickenham Station,940GZZLUHGD,Hillingdon Station,PIC,60
940GZZLUICK,Ickenham Station,940GZZLURSP,Ruislip,MET,120
940GZZLUICK,Ickenham Station,940GZZLURSP,Ruislip,PIC,120
940GZZLUKBN,Kilburn Station,940GZZLUWHP,West Hampstead Underground Station,JUB,120
940GZZLUKBN,Kilburn Station,940GZZLUWIG,Willesden Green Station,JUB,120
940GZZLUKBY,Kingsbury Station,940GZZLUQBY,Queensbury,JUB,120
940GZZLUKBY,Kingsbury Station,940GZZLUWYP,Wembley Park Station,JUB,180
940GZZLUKEN,Kenton Station,940GZZLUHAW,Harrow & Wealdstone Station,BAK,120
940GZZLUKEN,Kenton Station,940GZZLUSKT,South Kenton Station,BAK,120
940GZZLUKNB,Knightsbridge Station,940GZZLUHPC,Hyde Park Corner,PIC,60
940GZZLUKNB,Knightsbridge Station,940GZZLUSKS,South Kensington Station,PIC,120
940GZZLUKNG,Kennington Station,940GZZLUEAC,Elephant & Castle Station,NTN,60
940GZZLUKNG,Kennington Station,940GZZLUKNG,Kennington Station,NTN,30
940GZZLUKNG,Kennington Station,940GZZLUOVL,Oval,NTN,30
940GZZLUKNG,Kennington Station,940GZZLUWLO,Waterloo Station,NTN,60
940GZZLUKNG,Kennington Station,940GZZNEUGST,Nine Elms Underground Station,NTN,60
940GZZLUKOY,Kensington (Olympia) Station,940GZZLUECT,Earl's Court Station,DIS,180
940GZZLUKPK,Kilburn Park Station,940GZZLUMVL,Maida Vale Station,BAK,60
940GZZLUKPK,Kilburn Park Station,940GZZLUQPS,Queen's Park Station (London),BAK,120
940GZZLUKSH,Kentish Town,940GZZLUCTN,Camden Town Station,NTN,60
940GZZLUKSH,Kentish Town,940GZZLUTFP,Tufnell Park Station,NTN,60
940GZZLUKSL,Kensal Green Station,940GZZLUQPS,Queen's Park Station (London),BAK,180
940GZZLUKSL,Kensal Green Station,940GZZLUWJN,Willesden Junction Station,BAK,180
940GZZLUKSX,King's Cross St. Pancras Underground Station,940GZZLUAGL,Angel Station,NTN,120
940GZZLUKSX,King's Cross St. Pancras Underground Station,940GZZLUCAR,Caledonian Road Station,PIC,180
940GZZLUKSX,King's Cross St. Pancras Underground Station,940GZZLUESQ,Euston Square,CIR,60
940GZZLUKSX,King's Cross St. Pancras Underground Station,940GZZLUESQ,Euston Square,HAM,60
940GZZLUKSX,King's Cross St. Pancras Underground Station,940GZZLUESQ,Euston Square,MET,60
940GZZLUKSX,King's Cross St. Pancras Underground Station,940GZZLUEUS,Euston Station,NTN,60
940GZZLUKSX,King's Cross St. Pancras Underground Station,940GZZLUEUS,Euston Station,VIC,60
940GZZLUKSX,King's Cross St. Pancras Underground Station,940GZZLUFCN,Farringdon Station,CIR,180
940GZZLUKSX,King's Cross St. Pancras Underground Station,940GZZLUFCN,Farringdon Station,HAM,180
940GZZLUKSX,King's Cross St. Pancras Underground Station,940GZZLUFCN,Farringdon Station,MET,180
940GZZLUKSX,King's Cross St. Pancras Underground Station,940GZZLUHAI,Highbury & Islington Station,VIC,120
940GZZLUKSX,King's Cross St. Pancras Underground Station,940GZZLURSQ,Russell Square Station,PIC,60
940GZZLUKWG,Kew Gardens Station,940GZZLUGBY,Gunnersbury Station,DIS,180
940GZZLUKWG,Kew Gardens Station,940GZZLURMD,Richmond Station,DIS,240
940GZZLULAD,Ladbroke Grove,940GZZLULRD,Latimer Road,CIR,60
940GZZLULAD,Ladbroke Grove,940GZZLULRD,Latimer Road,HAM,60
940GZZLULAD,Ladbroke Grove,940GZZLUWSP,Westbourne Park Station,CIR,60
940GZZLULAD,Ladbroke Grove,940GZZLUWSP,Westbourne Park Station,HAM,60
940GZZLULBN,Lambeth North,940GZZLUEAC,Elephant & Castle Station,BAK,180
940GZZLULBN,Lambeth North,940GZZLUWLO,Waterloo Station,BAK,60
940GZZLULGN,Loughton,940GZZLUBKH,Buckhurst Hill,CEN,120
940GZZLULGN,Loughton,940GZZLUDBN,Debden,CEN,120
940GZZLULGT,Lancaster Gate Station,940GZZLUMBA,Marble Arch,CEN,120
940GZZLULGT,Lancaster Gate Station,940GZZLUQWY,Queensway Station,CEN,60
940GZZLULNB,London Bridge Station,940GZZLUBMY,Bermondsey Station,JUB,120
940GZZLULNB,London Bridge Station,940GZZLUBNK,Bank,NTN,60
940GZZLULNB,London Bridge Station,940GZZLUBOR,Borough Station,NTN,60
940GZZLULNB,London Bridge Station,940GZZLUSWK,Southwark Station,JUB,60
940GZZLULRD,Latimer Road,940GZZLULAD,Ladbroke Grove,CIR,60
940GZZLULRD,Latimer Road,940GZZLULAD,Ladbroke Grove,HAM,60
940GZZLULRD,Latimer Road,940GZZLUWLA,Wood Lane,CIR,60
940GZZLULRD,Latimer Road,940GZZLUWLA,Wood Lane,HAM,60
940GZZLULSQ,Leicester Square,940GZZLUCGN,Covent Garden Station,PIC,60
940GZZLULSQ,Leicester Square,940GZZLUCHX,Charing Cross,NTN,60
940GZZLULSQ,Leicester Square,940GZZLUPCC,Piccadilly Circus,PIC,60
940GZZLULSQ,Leicester Square,940GZZLUTCR,Tottenham Court Road Station,NTN,60
940GZZLULVT,Liverpool Street Station,940GZZLUADE,Aldgate East,CIR,120
940GZZLULVT,Liverpool Street Station,940GZZLUADE,Aldgate East,HAM,120
940GZZLULVT,Liverpool Street Station,940GZZLUALD,Aldgate,CIR,60
940GZZLULVT,Liverpool Street Station,940GZZLUALD,Aldgate,MET,60
940GZZLULVT,Liverpool Street Station,940GZZLUBLG,Bethnal Green,CEN,120
940GZZLULVT,Liverpool Street Station,940GZZLUBNK,Bank,CEN,60
940GZZLULVT,Liverpool Street Station,940GZZLUMGT,Moorgate Station,CIR,60
940GZZLULVT,Liverpool Street Station,940GZZLUMGT,Moorgate Station,HAM,60
940GZZLULVT,Liverpool Street Station,940GZZLUMGT,Moorgate Station,MET,60
940GZZLULYN,Leyton,940GZZLULYS,Leytonstone Station,CEN,120
940GZZLULYN,Leyton,940GZZLUSTD,Stratford Station,CEN,120
940GZZLULYS,Leytonstone Station,940GZZLULYN,Leyton,CEN,60
940GZZLULYS,Leytonstone Station,940GZZLUSNB,Snaresbrook Station,CEN,60
940GZZLULYS,Leytonstone Station,940GZZLUWSD,Wanstead Station,CEN,60
940GZZLUMBA,Marble Arch,940GZZLUBND,Bond Street Station,CEN,60
940GZZLUMBA,Marble Arch,940GZZLULGT,Lancaster Gate Station,CEN,60
940GZZLUMDN,Morden,940GZZLUSWN,South Wimbledon Station,NTN,120
940GZZLUMED,Mile End,940GZZLUBLG,Bethnal Green,CEN,120
940GZZLUMED,Mile End,940GZZLUBWR,Bow Road Station,CIR,60
940GZZLUMED,Mile End,940GZZLUBWR,Bow Road Station,DIS,60
940GZZLUMED,Mile End,940GZZLUBWR,Bow Road Station,HAM,60
940GZZLUMED,Mile End,940GZZLUSGN,Stepney Green Station,CIR,120
940GZZLUMED,Mile End,940GZZLUSGN,Stepney Green Station,DIS,120
940GZZLUMED,Mile End,940GZZLUSGN,Stepney Green Station,HAM,120
940GZZLUMED,Mile End,940GZZLUSTD,Stratford Station,CEN,120
940GZZLUMGT,Moorgate Station,940GZZLUBBN,Barbican,CIR,60
940GZZLUMGT,Moorgate Station,940GZZLUBBN,Barbican,HAM,60
940GZZLUMGT,Moorgate Station,940GZZLUBBN,Barbican,MET,60
940GZZLUMGT,Moorgate Station,940GZZLUBNK,Bank,NTN,120
940GZZLUMGT,Moorgate Station,940GZZLULVT,Liverpool Street Station,CIR,120
940GZZLUMGT,Moorgate Station,940GZZLULVT,Liverpool Street Station,HAM,120
940GZZLUMGT,Moorgate Station,940GZZLULVT,Liverpool Street Station,MET,120
940GZZLUMGT,Moorgate Station,940GZZLUODS,Old Street Station,NTN,60
940GZZLUMHL,Mill Hill East Station,940GZZLUFYC,Finchley Central Station,NTN,120
940GZZLUMMT,Monument,940GZZLUCST,Cannon Street Station,CIR,60
940GZZLUMMT,Monument,940GZZLUCST,Cannon Street Station,DIS,60
940GZZLUMMT,Monument,940GZZLUTWH,Tower Hill,CIR,100
940GZZLUMMT,Monument,940GZZLUTWH,Tower Hill,DIS,60
940GZZLUMPK,Moor Park,940GZZLUCXY,Croxley,MET,240
940GZZLUMPK,Moor Park,940GZZLUNOW,Northwood,MET,108
940GZZLUMPK,Moor Park,940GZZLURKW,Rickmansworth,MET,240
940GZZLUMRH,Manor House,940GZZLUFPK,Finsbury Park Station,PIC,120
940GZZLUMRH,Manor House,940GZZLUTPN,Turnpike Lane Station,PIC,180
940GZZLUMSH,Mansion House,940GZZLUBKF,Blackfriars Station,CIR,60
940GZZLUMSH,Mansion House,940GZZLUBKF,Blackfriars Station,DIS,60
940GZZLUMSH,Mansion House,940GZZLUCST,Cannon Street Station,CIR,60
940GZZLUMSH,Mansion House,940GZZLUCST,Cannon Street Station,DIS,60
940GZZLUMTC,Mornington Crescent,940GZZLUCTN,Camden Town Station,NTN,60
940GZZLUMTC,Mornington Crescent,940GZZLUEUS,Euston Station,NTN,60
940GZZLUMVL,Maida Vale Station,940GZZLUKPK,Kilburn Park Station,BAK,60
940GZZLUMVL,Maida Vale Station,940GZZLUWKA,Warwick Avenue,BAK,60
940GZZLUMYB,Marylebone,940GZZLUBST,Baker Street Station,BAK,60
940GZZLUMYB,Marylebone,940GZZLUERB,Edgware Road (Bakerloo line) Station,BAK,60
940GZZLUNAN,North Acton Station,940GZZLUEAN,East Acton Station,CEN,60
940GZZLUNAN,North Acton Station,940GZZLUHGR,Hanger Lane Station,CEN,120
940GZZLUNAN,North Acton Station,940GZZLUWTA,West Acton,CEN,120
940GZZLUNBP,Newbury Park Station,940GZZLUBKE,Barkingside Station,CEN,60
940GZZLUNBP,Newbury Park Station,940GZZLUGTH,Gants Hill Station,CEN,120
940GZZLUNDN,Neasden Station,940GZZLUDOH,Dollis Hill Station,JUB,60
940GZZLUNDN,Neasden Station,940GZZLUWYP,Wembley Park Station,JUB,180
940GZZLUNEN,North Ealing,940GZZLUECM,Ealing Common,PIC,120
940GZZLUNEN,North Ealing,940GZZLUPKR,Park Royal,PIC,120
940GZZLUNFD,Northfields Station,940GZZLUBOS,Boston Manor Station,PIC,60
940GZZLUNFD,Northfields Station,940GZZLUSEA,South Ealing,PIC,60
940GZZLUNGW,North Greenwich Platform 1 | Eastbound,940GZZLUCGT,Canning Town,JUB,120
940GZZLUNGW,North Greenwich Platform 1 | Eastbound,940GZZLUCYF,Canary Wharf Underground Station,JUB,120
940GZZLUNHA,North Harrow,940GZZLUHOH,Harrow-on-the-Hill Station,MET,108
940GZZLUNHA,North Harrow,940GZZLUPNR,Pinner Station,MET,84
940GZZLUNHG,Notting Hill Gate Station,940GZZLUBWT,Bayswater,CIR,60
940GZZLUNHG,Notting Hill Gate Station,940GZZLUBWT,Bayswater,DIS,60
940GZZLUNHG,Notting Hill Gate Station,940GZZLUHPK,Holland Park,CEN,60
940GZZLUNHG,Notting Hill Gate Station,940GZZLUHSK,High Street Kensington Station,CIR,120
940GZZLUNHG,Notting Hill Gate Station,940GZZLUHSK,High Street Kensington Station,DIS,120
940GZZLUNHG,Notting Hill Gate Station,940GZZLUQWY,Queensway Station,CEN,60
940GZZLUNHT,Northolt Station,940GZZLUGFD,Greenford,CEN,60
940GZZLUNHT,Northolt Station,940GZZLUSRP,South Ruislip Station,CEN,120
940GZZLUNKP,Northwick Park Station,940GZZLUHOH,Harrow-on-the-Hill Station,MET,100
940GZZLUNKP,Northwick Park Station,940GZZLUPRD,Preston Road Station,MET,120
940GZZLUNOW,Northwood,940GZZLUMPK,Moor Park,MET,84
940GZZLUNOW,Northwood,940GZZLUNWH,Northwood Hills,MET,108
940GZZLUNWH,Northwood Hills,940GZZLUNOW,Northwood,MET,84
940GZZLUNWH,Northwood Hills,940GZZLUPNR,Pinner Station,MET,108
940GZZLUNWY,North Wembley Station,940GZZLUSKT,South Kenton Station,BAK,120
940GZZLUNWY,North Wembley Station,940GZZLUWYC,Wembley Central Station,BAK,120
940GZZLUOAK,Oakwood Station,940GZZLUCKS,Cockfosters Station,PIC,120
940GZZLUOAK,Oakwood Station,940GZZLUSGT,Southgate,PIC,120
940GZZLUODS,Old Street Station,940GZZLUAGL,Angel Station,NTN,120
940GZZLUODS,Old Street Station,940GZZLUMGT,Moorgate Station,NTN,60
940GZZLUOSY,Osterley,940GZZLUBOS,Boston Manor Station,PIC,180
940GZZLUOSY,Osterley,940GZZLUHWE,Hounslow East,PIC,120
940GZZLUOVL,Oval,940GZZLUKNG,Kennington Station,NTN,60
940GZZLUOVL,Oval,940GZZLUSKW,Stockwell Station,NTN,120
940GZZLUOXC,Oxford Circus Station,940GZZLUBND,Bond Street Station,CEN,60
940GZZLUOXC,Oxford Circus Station,940GZZLUGPK,Green Park Station,VIC,60
940GZZLUOXC,Oxford Circus Station,940GZZLUPCC,Piccadilly Circus,BAK,60
940GZZLUOXC,Oxford Circus Station,940GZZLURGP,Regent's Park Station,BAK,60
940GZZLUOXC,Oxford Circus Station,940GZZLUTCR,Tottenham Court Road Station,CEN,60
940GZZLUOXC,Oxford Circus Station,940GZZLUWRR,Warren Street Station,VIC,60
940GZZLUPAC,Paddington Underground Station,940GZZLUBWT,Bayswater,CIR,60
940GZZLUPAC,Paddington Underground Station,940GZZLUBWT,Bayswater,DIS,60
940GZZLUPAC,Paddington Underground Station,940GZZLUERB,Edgware Road (Bakerloo line) Station,BAK,60
940GZZLUPAC,Paddington Underground Station,940GZZLUERC,Edgware Road (Circle line) Station,CIR,120
940GZZLUPAC,Paddington Underground Station,940GZZLUERC,Edgware Road (Circle line) Station,DIS,120
940GZZLUPAC,Paddington Underground Station,940GZZLUWKA,Warwick Avenue,BAK,60
940GZZLUPAH,Paddington (H&C Line),940GZZLUERC,Edgware Road (Circle line) Station,CIR,120
940GZZLUPAH,Paddington (H&C Line),940GZZLUERC,Edgware Road (Circle line) Station,HAM,180
940GZZLUPAH,Paddington (H&C Line),940GZZLURYO,Royal Oak,CIR,60
940GZZLUPAH,Paddington (H&C Line),940GZZLURYO,Royal Oak,HAM,60
940GZZLUPCC,Piccadilly Circus,940GZZLUCHX,Charing Cross,BAK,60
940GZZLUPCC,Piccadilly Circus,940GZZLUGPK,Green Park Station,PIC,60
940GZZLUPCC,Piccadilly Circus,940GZZLULSQ,Leicester Square,PIC,60
940GZZLUPCC,Piccadilly Circus,940GZZLUOXC,Oxford Circus Station,BAK,60
940GZZLUPCO,Pimlico Station,940GZZLUVIC,Victoria Station,VIC,120
940GZZLUPCO,Pimlico Station,940GZZLUVXL,Vauxhall,VIC,60
940GZZLUPKR,Park Royal,940GZZLUALP,Alperton Station,PIC,120
940GZZLUPKR,Park Royal,940GZZLUNEN,North Ealing,PIC,120
940GZZLUPLW,Plaistow,940GZZLUUPK,Upton Park,CIR,60
940GZZLUPLW,Plaistow,940GZZLUUPK,Upton Park,DIS,60
940GZZLUPLW,Plaistow,940GZZLUUPK,Upton Park,HAM,60
940GZZLUPLW,Plaistow,940GZZLUWHM,West Ham Station,CIR,60
940GZZLUPLW,Plaistow,940GZZLUWHM,West Ham Station,DIS,60
940GZZLUPLW,Plaistow,940GZZLUWHM,West Ham Station,HAM,60
940GZZLUPNR,Pinner Station,940GZZLUNHA,North Harrow,MET,108
940GZZLUPNR,Pinner Station,940GZZLUNWH,Northwood Hills,MET,84
940GZZLUPRD,Preston Road Station,940GZZLUNKP,Northwick Park Station,MET,100
940GZZLUPRD,Preston Road Station,940GZZLUWYP,Wembley Park Station,MET,120
940GZZLUPSG,Parsons Green,940GZZLUFBY,Fulham Broadway Station,DIS,60
940GZZLUPSG,Parsons Green,940GZZLUPYB,Putney Bridge Station,DIS,120
940GZZLUPVL,Perivale,940GZZLUGFD,Greenford,CEN,60
940GZZLUPVL,Perivale,940GZZLUHGR,Hanger Lane Station,CEN,120
940GZZLUPYB,Putney Bridge Station,940GZZLUEPY,East Putney,DIS,120
940GZZLUPYB,Putney Bridge Station,940GZZLUPSG,Parsons Green,DIS,120
940GZZLUQBY,Queensbury,940GZZLUCPK,Canons Park,JUB,120
940GZZLUQBY,Queensbury,940GZZLUKBY,Kingsbury Station,JUB,120
940GZZLUQPS,Queen's Park Station (London),940GZZLUKPK,Kilburn Park Station,BAK,60
940GZZLUQPS,Queen's Park Station (London),940GZZLUKSL,Kensal Green Station,BAK,180
940GZZLUQWY,Queensway Station,940GZZLULGT,Lancaster Gate Station,CEN,60
940GZZLUQWY,Queensway Station,940GZZLUNHG,Notting Hill Gate Station,CEN,60
940GZZLURBG,Redbridge Station,940GZZLUGTH,Gants Hill Station,CEN,60
940GZZLURBG,Redbridge Station,940GZZLUWSD,Wanstead Station,CEN,60
940GZZLURGP,Regent's Park Station,940GZZLUBST,Baker Street Station,BAK,60
940GZZLURGP,Regent's Park Station,940GZZLUOXC,Oxford Circus Station,BAK,120
940GZZLURKW,Rickmansworth,940GZZLUCXY,Croxley,MET,240
940GZZLURKW,Rickmansworth,940GZZLUCYD,Chorleywood Station,MET,180
940GZZLURKW,Rickmansworth,940GZZLUMPK,Moor Park,MET,180
940GZZLURMD,Richmond Station,940GZZLUKWG,Kew Gardens Station,DIS,180
940GZZLURSG,Ruislip Gardens,940GZZLUSRP,South Ruislip Station,CEN,60
940GZZLURSG,Ruislip Gardens,940GZZLUWRP,West Ruislip,CEN,120
940GZZLURSM,Ruislip Manor Station,940GZZLUEAE,Eastcote,MET,120
940GZZLURSM,Ruislip Manor Station,940GZZLUEAE,Eastcote,PIC,120
940GZZLURSM,Ruislip Manor Station,940GZZLURSP,Ruislip,MET,60
940GZZLURSM,Ruislip Manor Station,940GZZLURSP,Ruislip,PIC,60
940GZZLURSP,Ruislip,940GZZLUICK,Ickenham Station,MET,120
940GZZLURSP,Ruislip,940GZZLUICK,Ickenham Station,PIC,120
940GZZLURSP,Ruislip,940GZZLURSM,Ruislip Manor Station,MET,60
940GZZLURSP,Ruislip,940GZZLURSM,Ruislip Manor Station,PIC,60
940GZZLURSQ,Russell Square Station,940GZZLUHBN,Holborn Station,PIC,60
940GZZLURSQ,Russell Square Station,940GZZLUKSX,King's Cross St. Pancras Underground Station,PIC,120
940GZZLURVP,Ravenscourt Park Station,940GZZLUHSD,Hammersmith (District and Piccadilly) Station,CIR,120
940GZZLURVP,Ravenscourt Park Station,940GZZLUHSD,Hammersmith (District and Piccadilly) Station,DIS,60
940GZZLURVP,Ravenscourt Park Station,940GZZLUHSD,Hammersmith (District and Piccadilly) Station,PIC,84
940GZZLURVP,Ravenscourt Park Station,940GZZLUSFB,Stamford Brook,CIR,60
940GZZLURVP,Ravenscourt Park Station,940GZZLUSFB,Stamford Brook,DIS,60
940GZZLURVY,Roding Valley,940GZZLUCWL,Chigwell,CEN,120
940GZZLURVY,Roding Valley,940GZZLUWOF,Woodford,CEN,60
940GZZLURYL,Rayners Lane Station,940GZZLUEAE,Eastcote,MET,120
940GZZLURYL,Rayners Lane Station,940GZZLUEAE,Eastcote,PIC,120
940GZZLURYL,Rayners Lane Station,940GZZLUSHH,South Harrow Station,PIC,180
940GZZLURYL,Rayners Lane Station,940GZZLUWHW,West Harrow Station,MET,120
940GZZLURYO,Royal Oak,940GZZLUPAH,Paddington (H&C Line),CIR,60
940GZZLURYO,Royal Oak,940GZZLUPAH,Paddington (H&C Line),HAM,60
940GZZLURYO,Royal Oak,940GZZLUWSP,Westbourne Park Station,CIR,60
940GZZLURYO,Royal Oak,940GZZLUWSP,Westbourne Park Station,HAM,60
940GZZLUSBC,Shepherd's Bush (Central Line),940GZZLUHPK,Holland Park,CEN,60
940GZZLUSBC,Shepherd's Bush (Central Line),940GZZLUWCY,White City,CEN,120
940GZZLUSBM,Shepherd's Bush Market,940GZZLUGHK,Goldhawk Road,CIR,60
940GZZLUSBM,Shepherd's Bush Market,940GZZLUGHK,Goldhawk Road,HAM,60
940GZZLUSBM,Shepherd's Bush Market,940GZZLUWLA,Wood Lane,CIR,60
940GZZLUSBM,Shepherd's Bush Market,940GZZLUWLA,Wood Lane,HAM,60
940GZZLUSEA,South Ealing,940GZZLUACT,Acton Town,PIC,180
940GZZLUSEA,South Ealing,940GZZLUNFD,Northfields Station,PIC,60
940GZZLUSFB,Stamford Brook,940GZZLURVP,Ravenscourt Park Station,CIR,60
940GZZLUSFB,Stamford Brook,940GZZLURVP,Ravenscourt Park Station,DIS,60
940GZZLUSFB,Stamford Brook,940GZZLURVP,Ravenscourt Park Station,PIC,84
940GZZLUSFB,Stamford Brook,940GZZLUTNG,Turnham Green,CIR,60
940GZZLUSFB,Stamford Brook,940GZZLUTNG,Turnham Green,DIS,60
940GZZLUSFS,Southfields Station,940GZZLUEPY,East Putney,DIS,120
940GZZLUSFS,Southfields Station,940GZZLUWIP,Wimbledon Park,DIS,120
940GZZLUSGN,Stepney Green Station,940GZZLUMED,Mile End,CIR,60
940GZZLUSGN,Stepney Green Station,940GZZLUMED,Mile End,DIS,60
940GZZLUSGN,Stepney Green Station,940GZZLUMED,Mile End,HAM,60
940GZZLUSGN,Stepney Green Station,940GZZLUWPL,Whitechapel Station,CIR,120
940GZZLUSGN,Stepney Green Station,940GZZLUWPL,Whitechapel Station,DIS,120
940GZZLUSGN,Stepney Green Station,940GZZLUWPL,Whitechapel Station,HAM,120
940GZZLUSGP,Stonebridge Park Station,940GZZLUHSN,Harlesden Station,BAK,120
940GZZLUSGP,Stonebridge Park Station,940GZZLUWYC,Wembley Central Station,BAK,120
940GZZLUSGT,Southgate,940GZZLUASG,Arnos Grove Station,PIC,240
940GZZLUSGT,Southgate,940GZZLUOAK,Oakwood Station,PIC,180
940GZZLUSHH,South Harrow Station,940GZZLURYL,Rayners Lane Station,PIC,180
940GZZLUSHH,South Harrow Station,940GZZLUSUH,Sudbury Hill,PIC,120
940GZZLUSJP,St James's Park Station,940GZZLUVIC,Victoria Station,CIR,60
940GZZLUSJP,St James's Park Station,940GZZLUVIC,Victoria Station,DIS,60
940GZZLUSJP,St James's Park Station,940GZZLUWSM,Westminster Station,CIR,60
940GZZLUSJP,St James's Park Station,940GZZLUWSM,Westminster Station,DIS,60
940GZZLUSJW,St John's Wood Station,940GZZLUBST,Baker Street Station,JUB,120
940GZZLUSJW,St John's Wood Station,940GZZLUSWC,Swiss Cottage Station,JUB,60
940GZZLUSKS,South Kensington Station,940GZZLUGTR,Gloucester Road,CIR,60
940GZZLUSKS,South Kensington Station,940GZZLUGTR,Gloucester Road,DIS,60
940GZZLUSKS,South Kensington Station,940GZZLUGTR,Gloucester Road,PIC,60
940GZZLUSKS,South Kensington Station,940GZZLUKNB,Knightsbridge Station,PIC,120
940GZZLUSKS,South Kensington Station,940GZZLUSSQ,Sloane Square,CIR,100
940GZZLUSKS,South Kensington Station,940GZZLUSSQ,Sloane Square,DIS,120
940GZZLUSKT,South Kenton Station,940GZZLUKEN,Kenton Station,BAK,120
940GZZLUSKT,South Kenton Station,940GZZLUNWY,North Wembley Station,BAK,120
940GZZLUSKW,Stockwell Station,940GZZLUBXN,Brixton Station,VIC,60
940GZZLUSKW,Stockwell Station,940GZZLUCPN,Clapham North,NTN,60
940GZZLUSKW,Stockwell Station,940GZZLUOVL,Oval,NTN,120
940GZZLUSKW,Stockwell Station,940GZZLUVXL,Vauxhall,VIC,120
940GZZLUSNB,Snaresbrook Station,940GZZLULYS,Leytonstone Station,CEN,120
940GZZLUSNB,Snaresbrook Station,940GZZLUSWF,South Woodford,CEN,60
940GZZLUSPU,St. Paul's Station,940GZZLUBNK,Bank,CEN,60
940GZZLUSPU,St. Paul's Station,940GZZLUCHL,Chancery Lane,CEN,60
940GZZLUSRP,South Ruislip Station,940GZZLUNHT,Northolt Station,CEN,120
940GZZLUSRP,South Ruislip Station,940GZZLURSG,Ruislip Gardens,CEN,60
940GZZLUSSQ,Sloane Square,940GZZLUSKS,South Kensington Station,CIR,120
940GZZLUSSQ,Sloane Square,940GZZLUSKS,South Kensington Station,DIS,120
940GZZLUSSQ,Sloane Square,940GZZLUVIC,Victoria Station,CIR,100
940GZZLUSSQ,Sloane Square,940GZZLUVIC,Victoria Station,DIS,120
940GZZLUSTD,Stratford Station,940GZZLULYN,Leyton,CEN,120
940GZZLUSTD,Stratford Station,940GZZLUMED,Mile End,CEN,120
940GZZLUSTD,Stratford Station,940GZZLUWHM,West Ham Station,JUB,120
940GZZLUSTM,Stanmore Station,940GZZLUCPK,Canons Park,JUB,120
940GZZLUSUH,Sudbury Hill,940GZZLUSHH,South Harrow Station,PIC,120
940GZZLUSUH,Sudbury Hill,940GZZLUSUT,Sudbury Town Station,PIC,120
940GZZLUSUT,Sudbury Town Station,940GZZLUALP,Alperton Station,PIC,120
940GZZLUSUT,Sudbury Town Station,940GZZLUSUH,Sudbury Hill,PIC,120
940GZZLUSVS,Seven Sisters Station,940GZZLUFPK,Finsbury Park Station,VIC,180
940GZZLUSVS,Seven Sisters Station,940GZZLUTMH,Tottenham Hale,VIC,60
940GZZLUSWC,Swiss Cottage Station,940GZZLUFYR,Finchley Road Station,JUB,60
940GZZLUSWC,Swiss Cottage Station,940GZZLUSJW,St John's Wood Station,JUB,60
940GZZLUSWF,South Woodford,940GZZLUSNB,Snaresbrook Station,CEN,60
940GZZLUSWF,South Woodford,940GZZLUWOF,Woodford,CEN,60
940GZZLUSWK,Southwark Station,940GZZLULNB,London Bridge Station,JUB,60
940GZZLUSWK,Southwark Station,940GZZLUWLO,Waterloo Station,JUB,60
940GZZLUSWN,South Wimbledon Station,940GZZLUCSD,Colliers Wood Station,NTN,120
940GZZLUSWN,South Wimbledon Station,940GZZLUMDN,Morden,NTN,120
940GZZLUTAW,Totteridge & Whetstone Station,940GZZLUHBT,High Barnet Station,NTN,180
940GZZLUTAW,Totteridge & Whetstone Station,940GZZLUWOP,Woodside Park,NTN,120
940GZZLUTBC,Tooting Bec Station,940GZZLUBLM,Balham Station,NTN,60
940GZZLUTBC,Tooting Bec Station,940GZZLUTBY,Tooting Broadway Station,NTN,120
940GZZLUTBY,Tooting Broadway Station,940GZZLUCSD,Colliers Wood Station,NTN,60
940GZZLUTBY,Tooting Broadway Station,940GZZLUTBC,Tooting Bec Station,NTN,60
940GZZLUTCR,Tottenham Court Road Station,940GZZLUGDG,Goodge Street Station,NTN,60
940GZZLUTCR,Tottenham Court Road Station,940GZZLUHBN,Holborn Station,CEN,60
940GZZLUTCR,Tottenham Court Road Station,940GZZLULSQ,Leicester Square,NTN,60
940GZZLUTCR,Tottenham Court Road Station,940GZZLUOXC,Oxford Circus Station,CEN,60
940GZZLUTFP,Tufnell Park Station,940GZZLUACY,Archway Station,NTN,60
940GZZLUTFP,Tufnell Park Station,940GZZLUKSH,Kentish Town,NTN,60
940GZZLUTHB,Theydon Bois,940GZZLUDBN,Debden,CEN,180
940GZZLUTHB,Theydon Bois,940GZZLUEPG,Epping,CEN,120
940GZZLUTMH,Tottenham Hale,940GZZLUBLR,Blackhorse Road Station,VIC,60
940GZZLUTMH,Tottenham Hale,940GZZLUSVS,Seven Sisters Station,VIC,60
940GZZLUTMP,Temple,940GZZLUBKF,Blackfriars Station,CIR,60
940GZZLUTMP,Temple,940GZZLUBKF,Blackfriars Station,DIS,60
940GZZLUTMP,Temple,940GZZLUEMB,Embankment,CIR,60
940GZZLUTMP,Temple,940GZZLUEMB,Embankment,DIS,60
940GZZLUTNG,Turnham Green,940GZZLUACT,Acton Town,PIC,180
940GZZLUTNG,Turnham Green,940GZZLUCWP,Chiswick Park,CIR,60
940GZZLUTNG,Turnham Green,940GZZLUCWP,Chiswick Park,DIS,60
940GZZLUTNG,Turnham Green,940GZZLUGBY,Gunnersbury Station,DIS,180
940GZZLUTNG,Turnham Green,940GZZLUHSD,Hammersmith (District and Piccadilly) Station,PIC,180
940GZZLUTNG,Turnham Green,940GZZLUSFB,Stamford Brook,CIR,60
940GZZLUTNG,Turnham Green,940GZZLUSFB,Stamford Brook,DIS,60
940GZZLUTNG,Turnham Green,940GZZLUSFB,Stamford Brook,PIC,84
940GZZLUTPN,Turnpike Lane Station,940GZZLUMRH,Manor House,PIC,180
940GZZLUTPN,Turnpike Lane Station,940GZZLUWOG,Wood Green Station,PIC,120
940GZZLUTWH,Tower Hill,940GZZLUADE,Aldgate East,CIR,100
940GZZLUTWH,Tower Hill,940GZZLUADE,Aldgate East,DIS,120
940GZZLUTWH,Tower Hill,940GZZLUALD,Aldgate,CIR,120
940GZZLUTWH,Tower Hill,940GZZLUMMT,Monument,CIR,60
940GZZLUTWH,Tower Hill,940GZZLUMMT,Monument,DIS,60
940GZZLUUPB,Upminster Bridge,940GZZLUHCH,Hornchurch,DIS,60
940GZZLUUPB,Upminster Bridge,940GZZLUHCH,Hornchurch,HAM,60
940GZZLUUPB,Upminster Bridge,940GZZLUUPM,Upminster Station,DIS,60
940GZZLUUPB,Upminster Bridge,940GZZLUUPM,Upminster Station,HAM,60
940GZZLUUPK,Upton Park,940GZZLUEHM,East Ham Station,CIR,120
940GZZLUUPK,Upton Park,940GZZLUEHM,East Ham Station,DIS,120
940GZZLUUPK,Upton Park,940GZZLUEHM,East Ham Station,HAM,120
940GZZLUUPK,Upton Park,940GZZLUPLW,Plaistow,CIR,120
940GZZLUUPK,Upton Park,940GZZLUPLW,Plaistow,DIS,120
940GZZLUUPK,Upton Park,940GZZLUPLW,Plaistow,HAM,120
940GZZLUUPM,Upminster Station,940GZZLUUPB,Upminster Bridge,DIS,120
940GZZLUUPM,Upminster Station,940GZZLUUPB,Upminster Bridge,HAM,120
940GZZLUUPY,Upney Station,940GZZLUBEC,Becontree,DIS,120
940GZZLUUPY,Upney Station,940GZZLUBEC,Becontree,HAM,120
940GZZLUUPY,Upney Station,940GZZLUBKG,Barking Station,DIS,120
940GZZLUUPY,Upney Station,940GZZLUBKG,Barking Station,HAM,120
940GZZLUUXB,Uxbridge Station,940GZZLUHGD,Hillingdon Station,MET,120
940GZZLUUXB,Uxbridge Station,940GZZLUHGD,Hillingdon Station,PIC,120
940GZZLUVIC,Victoria Station,940GZZLUGPK,Green Park Station,VIC,60
940GZZLUVIC,Victoria Station,940GZZLUPCO,Pimlico Station,VIC,60
940GZZLUVIC,Victoria Station,940GZZLUSJP,St James's Park Station,CIR,60
940GZZLUVIC,Victoria Station,940GZZLUSJP,St James's Park Station,DIS,60
940GZZLUVIC,Victoria Station,940GZZLUSSQ,Sloane Square,CIR,60
940GZZLUVIC,Victoria Station,940GZZLUSSQ,Sloane Square,DIS,60
940GZZLUVXL,Vauxhall,940GZZLUPCO,Pimlico Station,VIC,60
940GZZLUVXL,Vauxhall,940GZZLUSKW,Stockwell Station,VIC,60
940GZZLUWAF,Watford Underground Station,940GZZLUCXY,Croxley,MET,120
940GZZLUWBN,West Brompton Station,940GZZLUECT,Earl's Court Station,DIS,120
940GZZLUWBN,West Brompton Station,940GZZLUFBY,Fulham Broadway Station,DIS,120
940GZZLUWCY,White City,940GZZLUEAN,East Acton Station,CEN,120
940GZZLUWCY,White City,940GZZLUSBC,Shepherd's Bush (Central Line),CEN,120
940GZZLUWFN,West Finchley Station,940GZZLUFYC,Finchley Central Station,NTN,60
940GZZLUWFN,West Finchley Station,940GZZLUWOP,Woodside Park,NTN,60
940GZZLUWHM,West Ham Station,940GZZLUBBB,Bromley-By-Bow,CIR,120
940GZZLUWHM,West Ham Station,940GZZLUBBB,Bromley-By-Bow,DIS,120
940GZZLUWHM,West Ham Station,940GZZLUBBB,Bromley-By-Bow,HAM,120
940GZZLUWHM,West Ham Station,940GZZLUCGT,Canning Town,JUB,120
940GZZLUWHM,West Ham Station,940GZZLUPLW,Plaistow,CIR,60
940GZZLUWHM,West Ham Station,940GZZLUPLW,Plaistow,DIS,60
940GZZLUWHM,West Ham Station,940GZZLUPLW,Plaistow,HAM,60
940GZZLUWHM,West Ham Station,940GZZLUSTD,Stratford Station,JUB,120
940GZZLUWHP,West Hampstead Underground Station,940GZZLUFYR,Finchley Road Station,JUB,60
940GZZLUWHP,West Hampstead Underground Station,940GZZLUKBN,Kilburn Station,JUB,60
940GZZLUWHW,West Harrow Station,940GZZLUHOH,Harrow-on-the-Hill Station,MET,120
940GZZLUWHW,West Harrow Station,940GZZLURYL,Rayners Lane Station,MET,120
940GZZLUWIG,Willesden Green Station,940GZZLUDOH,Dollis Hill Station,JUB,60
940GZZLUWIG,Willesden Green Station,940GZZLUFYR,Finchley Road Station,MET,210
940GZZLUWIG,Willesden Green Station,940GZZLUKBN,Kilburn Station,JUB,60
940GZZLUWIM,Wimbledon Station,940GZZLUWIP,Wimbledon Park,DIS,120
940GZZLUWIP,Wimbledon Park,940GZZLUSFS,Southfields Station,DIS,120
940GZZLUWIP,Wimbledon Park,940GZZLUWIM,Wimbledon Station,DIS,180
940GZZLUWJN,Willesden Junction Station,940GZZLUHSN,Harlesden Station,BAK,120
940GZZLUWJN,Willesden Junction Station,940GZZLUKSL,Kensal Green Station,BAK,120
940GZZLUWKA,Warwick Avenue,940GZZLUMVL,Maida Vale Station,BAK,60
940GZZLUWKA,Warwick Avenue,940GZZLUPAC,Paddington Underground Station,BAK,60
940GZZLUWKN,West Kensington,940GZZLUBSC,Barons Court,CIR,120
940GZZLUWKN,West Kensington,940GZZLUBSC,Barons Court,DIS,60
940GZZLUWKN,West Kensington,940GZZLUECT,Earl's Court Station,CIR,180
940GZZLUWKN,West Kensington,940GZZLUECT,Earl's Court Station,DIS,120
940GZZLUWLA,Wood Lane,940GZZLULRD,Latimer Road,CIR,60
940GZZLUWLA,Wood Lane,940GZZLULRD,Latimer Road,HAM,60
940GZZLUWLA,Wood Lane,940GZZLUSBM,Shepherd's Bush Market,CIR,60
940GZZLUWLA,Wood Lane,940GZZLUSBM,Shepherd's Bush Market,HAM,60
940GZZLUWLO,Waterloo Station,940GZZLUBNK,Bank,WAC,240
940GZZLUWLO,Waterloo Station,940GZZLUEMB,Embankment,BAK,60
940GZZLUWLO,Waterloo Station,940GZZLUEMB,Embankment,NTN,60
940GZZLUWLO,Waterloo Station,940GZZLUKNG,Kennington Station,NTN,120
940GZZLUWLO,Waterloo Station,940GZZLULBN,Lambeth North,BAK,60
940GZZLUWLO,Waterloo Station,940GZZLUSWK,Southwark Station,JUB,60
940GZZLUWLO,Waterloo Station,940GZZLUWSM,Westminster Station,JUB,60
940GZZLUWOF,Woodford,940GZZLUBKH,Buckhurst Hill,CEN,120
940GZZLUWOF,Woodford,940GZZLURVY,Roding Valley,CEN,120
940GZZLUWOF,Woodford,940GZZLUSWF,South Woodford,CEN,60
940GZZLUWOG,Wood Green Station,940GZZLUBDS,Bounds Green,PIC,120
940GZZLUWOG,Wood Green Station,940GZZLUTPN,Turnpike Lane Station,PIC,60
940GZZLUWOP,Woodside Park,940GZZLUTAW,Totteridge & Whetstone Station,NTN,60
940GZZLUWOP,Woodside Park,940GZZLUWFN,West Finchley Station,NTN,60
940GZZLUWPL,Whitechapel Station,940GZZLUADE,Aldgate East,CIR,120
940GZZLUWPL,Whitechapel Station,940GZZLUADE,Aldgate East,DIS,120
940GZZLUWPL,Whitechapel Station,940GZZLUADE,Aldgate East,HAM,120
940GZZLUWPL,Whitechapel Station,940GZZLUSGN,Stepney Green Station,CIR,120
940GZZLUWPL,Whitechapel Station,940GZZLUSGN,Stepney Green Station,DIS,120
940GZZLUWPL,Whitechapel Station,940GZZLUSGN,Stepney Green Station,HAM,120
940GZZLUWRP,West Ruislip,940GZZLURSG,Ruislip Gardens,CEN,120
940GZZLUWRR,Warren Street Station,940GZZLUEUS,Euston Station,NTN,60
940GZZLUWRR,Warren Street Station,940GZZLUEUS,Euston Station,VIC,60
940GZZLUWRR,Warren Street Station,940GZZLUGDG,Goodge Street Station,NTN,60
940GZZLUWRR,Warren Street Station,940GZZLUOXC,Oxford Circus Station,VIC,60
940GZZLUWSD,Wanstead Station,940GZZLULYS,Leytonstone Station,CEN,120
940GZZLUWSD,Wanstead Station,940GZZLURBG,Redbridge Station,CEN,60
940GZZLUWSM,Westminster Station,940GZZLUEMB,Embankment,CIR,60
940GZZLUWSM,Westminster Station,940GZZLUEMB,Embankment,DIS,60
940GZZLUWSM,Westminster Station,940GZZLUGPK,Green Park Station,JUB,120
940GZZLUWSM,Westminster Station,940GZZLUSJP,St James's Park Station,CIR,60
940GZZLUWSM,Westminster Station,940GZZLUSJP,St James's Park Station,DIS,60
940GZZLUWSM,Westminster Station,940GZZLUWLO,Waterloo Station,JUB,60
940GZZLUWSP,Westbourne Park Station,940GZZLULAD,Ladbroke Grove,CIR,60
940GZZLUWSP,Westbourne Park Station,940GZZLULAD,Ladbroke Grove,HAM,60
940GZZLUWSP,Westbourne Park Station,940GZZLURYO,Royal Oak,CIR,120
940GZZLUWSP,Westbourne Park Station,940GZZLURYO,Royal Oak,HAM,120
940GZZLUWTA,West Acton,940GZZLUEBY,Ealing Broadway Station,CEN,120
940GZZLUWTA,West Acton,940GZZLUNAN,North Acton Station,CEN,120
940GZZLUWWL,Walthamstow Central Station,940GZZLUBLR,Blackhorse Road Station,VIC,120
940GZZLUWYC,Wembley Central Station,940GZZLUNWY,North Wembley Station,BAK,120
940GZZLUWYC,Wembley Central Station,940GZZLUSGP,Stonebridge Park Station,BAK,120
940GZZLUWYP,Wembley Park Station,940GZZLUFYR,Finchley Road Station,MET,165
940GZZLUWYP,Wembley Park Station,940GZZLUKBY,Kingsbury Station,JUB,180
940GZZLUWYP,Wembley Park Station,940GZZLUNDN,Neasden Station,JUB,120
940GZZLUWYP,Wembley Park Station,940GZZLUPRD,Preston Road Station,MET,100
940GZZLUWYP,Wembley Park Station,940GZZLUWIG,Willesden Green Station,MET,210
940GZZNEUGST,Nine Elms Underground Station,940GZZBPSUST,Battersea Power Station Underground Station,NTN,120
940GZZNEUGST,Nine Elms Underground Station,940GZZLUKNG,Kennington Station,NTN,60
